 REGION , DISTRICT , Somme de POPULATION2 , (F) Nombre Commune exposées , (F)  Nombres Fokontany Exposé , (F)  Population exposée , (F)  Population affectées , (F)  HEA (Group socio Très pauvre - Sinistrées) , (F) Déplacées en site , (F) Déplacées en site préventivement , (M)  Nombre Commune exposées , (M)  Nombres Fokontany Exposé , (M)  Population exposée , (M)  Population affectées , (M)  HEA (Group socio Très pauvre - Sinistrées) , (M) Déplacées en site , (M) Déplacées en site préventivement , (E)  Nombre Commune exposées , (E) Nombres Fokontany Exposé , (E) Population exposée , (E) Population affectées , (E) HEA (Group socio Très pauvre - Sinistrées) , (E) Déplacées en site , (E) Déplacées en site préventivement , FAIBLE ,Système,Nom,Année,Vitesse de vent,Précipitation,Population 5-17 ans scolarisable ,% Hommes,% Femmes,Enfant moins de 5 ans,Prévalence (en %) du handicap,Femmes enceintes et allaitantes (Enfant - 2 ans et TBN),Personnes agées plus de 60 ans,Somme de  Cases d'habitations détruites,Somme de  Cases d'habitations inondées,Somme de  Cases d'habitations endommagées/ Décoiffées ,Elèves privés de cours à cause de l'évènement,Salle de classe totalement détruites,Salle de classe endommagées,Salle de classe décoiffées,CSB1/ CSB2 totalement détruites,CSB1/ CSB2 endommagées ou partiellement détruites,CSB1/ CSB2 décoiffées,Agriculture,Elevage,Pêche,Ménages Agricoles, MODERE ,Système,Nom,Année,Vitesse de vent,Précipitation,Population 5-17 ans scolarisable ,% Hommes,% Femmes,Enfant moins de 5 ans,Prévalence (en %) du handicap,Femmes enceintes et allaitantes (Enfant - 2 ans et TBN),Personnes agées plus de 60 ans,Somme de  Cases d'habitations détruites,Somme de  Cases d'habitations inondées,Somme de  Cases d'habitations endommagées/ Décoiffées ,Elèves privés de cours à cause de l'évènement,Salle de classe totalement détruites,Salle de classe endommagées,Salle de classe décoiffées,CSB1/ CSB2 totalement détruites,CSB1/ CSB2 endommagées ou partiellement détruites,CSB1/ CSB2 décoiffées,Agriculture,Elevage,Pêche,Ménages Agricoles, FORT ,Système,Nom,Année,Vitesse de vent,Précipitation,Population 5-17 ans scolarisable ,% Hommes,% Femmes,Enfant moins de 5 ans,Prévalence (en %) du handicap,Femmes enceintes et allaitantes (Enfant - 2 ans et TBN),Personnes agées plus de 60 ans,Somme de  Cases d'habitations détruites,Somme de  Cases d'habitations inondées,Somme de  Cases d'habitations endommagées/ Décoiffées ,Elèves privés de cours à cause de l'évènement,Salle de classe totalement détruites,Salle de classe endommagées,Salle de classe décoiffées,CSB1/ CSB2 totalement détruites,CSB1/ CSB2 endommagées ou partiellement détruites,CSB1/ CSB2 décoiffées,Agriculture,Elevage,Pêche,Ménages Agricoles
 ALAOTRA MANGORO , AMBATONDRAZAKA ,"395,156",7,10,"60,165","5,012","1,504",344,69,8,11,"65,430","7,505","2,389",547,109,15,30,"109,951","10,730","3,219",737,147, F , CT , ENAWO , 2016-2017 , 89 à 117 km/h ,,"1,669",749,755,214,90,140,68,59,100,207,"1,669",3,3,3,3,4,4,,,,, M , ZCIT , Forte pluie de 19 au 24 Janvier 2020 , 2019-2020 ,,,"2,499","1,190","1,199",339,143,223,107,94,159,329,"2,499",5,6,5,7,7,6,,,,, F , ZCIT , ZCIT 2 , 2014-2015 ,,,"3,573","1,603","1,616",457,193,300,145,127,215,443,"3,573",10,13,6,12,16,8,,,,
, AMPARAFARAVOLA ,"356,019",10,21,"80,359","10,342","3,103",513,103,11,23,"83,297","13,694","4,359",720,144,16,38,"110,834","20,875","6,262","1,035",207, F , FTT , CHEDZA , 2014-2015 , 51 à 62 km/h ,,"3,444","1,545","1,558",441,186,289,140,120,202,417,"3,444",4,5,5,2,3,2,,,,, M , FTT , CHEDZA , 2014-2015 , 51 à 62 km/h ,,"4,560","2,171","2,188",619,262,406,196,168,284,586,"4,560",8,8,7,4,4,3,,,,, F , ZCIT , ZCIT 2 , 2014-2015 ,,,"6,951","3,119","3,144",889,376,584,282,241,407,842,"6,951",14,19,9,7,9,5,,,,
, ANDILAMENA ,"115,002",1,1,"3,217",125,38,5,1,1,2,"4,296",233,74,10,2,3,6,"21,008",759,228,30,6, F , FTT , ELIAKIM , 2017-2018 , 89 à 117 km/h ,,42,19,19,5,2,3,2,1,2,5,42,1,1,1,1,1,1,,,,, M , FTT , ELIAKIM , 2017-2018 , 89 à 117 km/h ,,78,37,37,11,4,7,3,3,5,10,78,2,2,2,2,2,2,,,,, F , FTT , ELIAKIM , 2017-2018 , 89 à 117 km/h ,,253,113,114,32,14,21,10,9,14,30,253,3,4,2,4,5,3,,,,
, ANOSIBE-AN'ALA ,"125,902",1,8,"13,010","1,162",349,47,9,1,8,"13,010","1,306",416,56,11,5,19,"32,156","2,121",636,85,17, F , FTT , FTT  CHENESO du 17 Janvier 2023 , 2022-2023 , 89 à 117 km/h ,,387,174,175,50,21,33,16,12,20,41,387,1,1,1,1,2,2,,,,, M , FTT , FTT  CHENESO du 17 Janvier 2023 , 2022-2023 , 89 à 117 km/h ,,435,207,209,59,25,39,19,14,24,49,435,2,2,2,3,3,2,,,,, F , CTI , CTI BATSIRAI (27 Janvier - 08 Février 2022) , 2021-2022 , 166 à 212 km/h ,,706,317,319,90,38,59,29,21,36,75,706,4,5,2,5,7,3,,,,
, MORAMANGA ,"386,948",5,13,"59,506","4,039","1,212",485,97,6,17,"67,802","5,698","1,814",727,145,9,36,"101,362","10,602","3,181","1,274",255, F , FTT , ELIAKIM , 2017-2018 , 89 à 117 km/h ,,"1,345",603,608,172,73,113,55,48,81,167,"1,345",4,5,5,3,4,4,,,,, M , CT , AVA , 2017-2018 , 118 à 165 km/h ,,"1,897",903,910,258,109,169,82,72,121,250,"1,897",7,8,7,6,7,6,,,,, F , CT , ENAWO , 2016-2017 , 118 à 165 km/h ,,"3,530","1,584","1,597",452,191,297,143,126,212,438,"3,530",14,18,9,12,16,8,,,,
 Total ALAOTRA MANGORO ,5,"1,379,027",23,52,"216,257","20,680","6,204","1,657",331,26,60,"233,835","28,436","9,051","2,417",483,48,128,"375,310","45,086","13,526","3,612",722, F , ZCIT , ZCIT/Forte pluie du 17 Janvier 2022/TTM ANA , 2021-2022 , 89 à 117 km/h , -   ,"6,886","3,090","3,114",881,372,578,279,240,405,837,"6,886",12,16,15,11,15,14,"17,516","14,703","3,371","18,446", M , CT , ENAWO , 2016-2017 , 89 à 117 km/h ,,"9,469","4,508","4,544","1,285",543,844,407,351,592,"1,224","9,469",24,27,21,22,24,19,"24,085","20,218","4,635","25,365", F , ZCIT , Forte pluie de 19 au 24 Janvier 2020 , 2019-2020 ,,,"15,014","6,736","6,790","1,921",812,"1,261",609,524,885,"1,829","15,014",44,59,29,40,54,26,"38,188","32,056","7,349","40,217"
 ANALAMANGA , AMBOHIDRATRIMO ,"502,544",14,39,"88,447","13,216","3,124","1,839",368,18,53,"125,339","27,189","8,654","5,093","1,019",22,124,"236,969","79,246","23,774","13,990","2,798", F , CT , AVA , 2017-2018 ,,,"3,806","1,534","1,590",366,156,260,175,145,145,492,"3,806",2,2,2,2,2,3,,,,, M , FTT , CHEDZA , 2014-2015 ,,,"7,830","4,249","4,405","1,013",433,720,485,401,401,"1,362","7,830",2,4,6,2,5,8,,,,, F , ZCIT , ZCIT/Forte pluie du 17 Janvier 2022/TTM ANA , 2021-2022 ,,,"22,823","11,673","12,101","2,782","1,189","1,979","1,331","1,101","1,102","3,740","22,823",2,9,11,3,12,15,,,,
, ANDRAMASINA ,"192,451",4,11,"20,412","1,483",351,308,62,10,44,"69,028","12,276","3,908","3,435",687,12,69,"98,787","30,662","9,199","8,087","1,617", F , FTT , CHEDZA , 2014-2015 ,,,427,172,178,41,18,29,20,15,15,50,427,3,3,4,1,2,2,,,,, M , FTT , CHEDZA , 2014-2015 ,,,"3,536","1,919","1,989",457,195,325,219,165,165,559,"3,536",3,7,10,1,3,5,,,,, F , FTT , CHEDZA , 2014-2015 ,,,"8,831","4,516","4,682","1,076",460,766,515,387,388,"1,316","8,831",4,16,19,2,8,10,,,,
, ANJOZOROBE ,"257,394",10,21,"39,600","3,168","1,008",295,59,16,45,"83,396","13,725","4,369","1,280",256,17,97,"151,507","43,432","13,029","3,818",764, F , FTT , CHEDZA , 2014-2015 ,,,912,495,513,118,50,84,56,42,42,141,912,2,3,3,2,2,2,,,,, M , ZCIT , ZCIT/Forte pluie du 17 Janvier 2022/TTM ANA , 2021-2022 ,,,"3,953","2,145","2,224",511,218,364,245,180,180,611,"3,953",2,6,9,2,4,6,,,,, F , FTT , FTT  CHENESO du 17 Janvier 2023 , 2022-2023 ,,,"12,508","6,397","6,632","1,524",651,"1,084",730,537,537,"1,822","12,508",3,13,16,2,10,12,,,,
, ANKAZOBE ,"220,044",9,34,"61,072","5,005","1,593",319,64,13,49,"87,560","18,112","5,765","1,153",231,13,88,"132,424","46,555","13,967","2,793",559, F , CT , ENAWO , 2016-2017 ,,,"1,442",782,811,186,80,133,89,66,66,223,"1,442",1,1,2,1,2,2,,,,, M , CT , AVA , 2017-2018 ,,,"5,216","2,831","2,934",675,288,480,323,237,238,806,"5,216",1,3,5,1,4,5,,,,, F , ZCIT , ZCIT/Forte pluie du 17 Janvier 2022/TTM ANA , 2021-2022 ,,,"13,408","6,858","7,109","1,634",698,"1,162",782,575,575,"1,953","13,408",2,7,9,2,8,10,,,,
, ANTANANARIVO ATSIMONDRANO ,"738,060",8,18,"62,656","5,177","1,224",716,143,13,34,"182,488","20,746","6,603","3,860",772,15,37,"211,859","37,485","11,246","6,574","1,315", F , FTT , FTT  CHENESO du 17 Janvier 2023 , 2022-2023 ,,,"1,491",601,623,143,61,102,69,57,57,193,"1,491",3,3,4,1,2,2,,,,, M , CT , ENAWO , 2016-2017 ,,,"5,975","3,242","3,361",773,330,550,370,306,306,"1,039","5,975",3,7,10,1,4,5,,,,, F , ZCIT , ZCIT/Forte pluie du 17 Janvier 2022/TTM ANA , 2021-2022 ,,,"10,796","5,522","5,724","1,316",562,936,630,521,521,"1,769","10,796",4,15,19,2,8,10,,,,
, ANTANANARIVO AVARADRANO ,"503,026",1,3,"6,019",602,142,54,11,7,20,"83,214","10,230","3,256","1,246",249,5,15,"68,895","15,898","4,770","1,824",365, F , ZCIT , ZCIT 2 , 2014-2015 ,,,173,70,72,17,7,12,8,7,7,22,173,1,1,2,1,1,2,,,,, M , CT , ENAWO , 2016-2017 ,,,"2,946","1,599","1,657",381,163,271,182,151,151,512,"2,946",1,3,4,1,3,5,,,,, F , ZCIT , ZCIT/Forte pluie du 17 Janvier 2022/TTM ANA , 2021-2022 ,,,"4,579","2,342","2,428",558,238,397,267,221,221,750,"4,579",2,7,8,2,7,9,,,,
, ANTANANARIVO RENIVOHITRA ,"1,449,574",1,120,"1,161,729","125,997","29,786","17,843","3,569",1,128,"1,199,212","178,485","56,812","34,034","6,807", -   ,1,"48,545", -   , -   , -   , -   , F , FTT , CHEDZA , 2014-2015 ,,,"36,287","14,625","15,161","3,485","1,489","2,479","1,668","1,415","1,416","4,806","36,287",8,10,12,1,1,1,,,,, M , ZCIT , ZCIT/Forte pluie du 17 Janvier 2022/TTM ANA , 2021-2022 ,,,"51,404","27,895","28,917","6,647","2,841","4,729","3,181","2,699","2,701","9,167","51,404",9,21,31,1,3,4,,,,, F ,,,,,, -   , -   , -   , -   , -   , -   , -   , -   , -   , -   , -   ,11,48,59,1,6,8,,,,
, MANJAKANDRIANA ,"250,551", -   , -   ,, -   , -   , -   , -   , -   , -   , -   , -   , -   , -   , -   , -   , -   , -   , -   , -   , -   , -   , F ,,,,,, -   , -   , -   , -   , -   , -   , -   , -   , -   , -   , -   ,2,3,3,2,3,3,,,,, M ,,,,,, -   , -   , -   , -   , -   , -   , -   , -   , -   , -   , -   ,2,6,9,2,6,9,,,,, F ,,,,,, -   , -   , -   , -   , -   , -   , -   , -   , -   , -   , -   ,3,13,16,3,14,17,,,,
 Total ANALAMANGA ,8,"4,113,643",47,246,"1,439,936","154,648","37,228","21,820","4,364",78,373,"1,830,236","280,763","89,367","52,378","10,476",84,431,"948,985","253,278","75,983","44,534","8,907", F , CT , AVA , 2017-2018 ,, -   ,"44,539","18,279","18,949","4,356","1,861","3,099","2,085","1,745","1,746","5,927","44,539",22,26,31,12,15,17,"69,282","72,685","12,681","86,139", M , ZCIT , ZCIT 2 , 2014-2015 ,,,"80,860","43,879","45,488","10,456","4,468","7,438","5,005","4,139","4,141","14,056","80,860",23,57,83,13,32,47,"125,782","131,959","23,023","156,385", F , ZCIT , ZCIT/Forte pluie du 17 Janvier 2022/TTM ANA , 2021-2022 ,,,"72,944","37,308","38,676","8,890","3,799","6,324","4,255","3,342","3,344","11,351","72,944",30,130,158,17,73,89,"113,468","119,041","20,769","141,076"
 ANALANJIROFO , FENERIVE EST ,"328,475",10,26,"78,376","20,155","6,415","2,203",441,11,40,"108,891","40,494","12,889","4,426",885,11,81,"172,145","97,032","29,110","9,995","1,999", F , FTT , FTT  CHENESO du 17 Janvier 2023 , 2022-2023 , 63 à 88 km/h ,,"6,349","3,163","3,253",815,385,560,308,305,394,"1,187","6,349",4,8,6,1,1,1,,,,, M , FTT , ELIAKIM , 2017-2018 , 89 à 117 km/h ,,"12,756","6,354","6,535","1,637",773,"1,126",619,614,792,"2,386","12,756",10,19,15,1,2,2,,,,, F , CT , ENAWO , 2016-2017 , 118 à 165 km/h ,,"30,565","14,351","14,759","3,697","1,747","2,543","1,397","1,386","1,788","5,388","30,565",19,34,45,2,4,6,,,,
, MANANARA-AVARATRA ,"268,707",4,7,"18,453","2,657",846,423,85,6,20,"34,304","10,235","3,258","1,629",326,6,25,"46,323","23,230","6,969","3,485",697, F , CT , AVA , 2017-2018 , 63 à 88 km/h ,,837,417,429,107,51,74,41,38,49,148,837,3,5,4,0,1,1,,,,, M , FTT , FTT ELOISE (17 au 23 Janv 21) , 2020-2021 , 89 à 117 km/h ,,"3,224","1,606","1,652",414,195,285,156,146,189,569,"3,224",6,12,9,1,2,1,,,,, F , CT , ENAWO , 2016-2017 , 118 à 165 km/h ,,"7,318","3,436","3,533",885,418,609,335,313,404,"1,218","7,318",12,20,27,2,3,4,,,,
, SAINTE MARIE ,"30,012",1,4,"11,566","3,405","1,084",795,159,1,13,"22,448","9,165","2,917","2,141",428,1,12,"21,068","15,034","4,510","3,310",662, F , FTT , FTT  CHENESO du 17 Janvier 2023 , 2022-2023 , 63 à 88 km/h ,,"1,073",534,549,138,65,95,52,57,73,220,"1,073",1,2,1,1,1,1,,,,, M , FTT , ELIAKIM , 2017-2018 , 89 à 117 km/h ,,"2,887","1,438","1,479",370,175,255,140,152,197,592,"2,887",2,5,4,1,2,2,,,,, F , CT , ENAWO , 2016-2017 , 118 à 165 km/h ,,"4,736","2,223","2,287",573,271,394,216,235,304,916,"4,736",5,8,11,2,4,6,,,,
, SOANIERANA IVONGO ,"160,774",3,6,"17,954","2,685",855,294,59,8,17,"42,240","10,515","3,347","1,149",230,7,24,"51,964","25,429","7,629","2,620",524, F , CT , AVA , 2017-2018 , 63 à 88 km/h ,,846,421,433,109,51,75,41,37,48,145,846,3,6,4,0,0,0,,,,, M , CT , ENAWO , 2016-2017 , 89 à 117 km/h ,,"3,312","1,650","1,697",425,201,292,161,146,189,569,"3,312",7,14,11,0,1,1,,,,, F , FTT , ELIAKIM , 2017-2018 , 89 à 117 km/h ,,"8,010","3,761","3,868",969,458,666,366,334,431,"1,298","8,010",14,24,31,1,1,2,,,,
, VAVATENINA ,"218,120",5,8,"35,550","5,221","1,662","1,039",208,6,13,"48,105","15,615","4,970","3,109",622,6,21,"65,167","31,873","9,562","5,981","1,196", F , FTT , FTT  CHENESO du 17 Janvier 2023 , 2022-2023 , 63 à 88 km/h ,,"1,645",819,843,211,100,145,80,73,94,283,"1,645",3,6,4,0,1,1,,,,, M , FTT , ELIAKIM , 2017-2018 , 89 à 117 km/h ,,"4,919","2,450","2,520",631,298,434,239,217,281,845,"4,919",7,14,11,1,2,1,,,,, F , CT , ENAWO , 2016-2017 , 89 à 117 km/h ,,"10,040","4,714","4,848","1,214",574,835,459,418,540,"1,626","10,040",14,24,31,2,3,4,,,,
, MAROANTSETRA ,"280,768",10,40,"102,427","17,516","5,575","3,829",766,10,50,"114,971","29,635","9,433","6,478","1,296",11,67,"138,134","59,206","17,762","12,198","2,440", F , FTT , FTT  CHENESO du 17 Janvier 2023 , 2022-2023 , 63 à 88 km/h ,,"5,517","2,749","2,827",708,335,487,268,251,323,975,"5,517",7,13,11,0,1,1,,,,, M , FTT , ELIAKIM , 2017-2018 , 89 à 117 km/h ,,"9,335","4,650","4,782","1,198",566,824,453,424,547,"1,649","9,335",18,33,26,1,2,1,,,,, F , CT , ENAWO , 2016-2017 , 118 à 165 km/h ,,"18,650","8,757","9,005","2,256","1,066","1,552",853,799,"1,030","3,105","18,650",33,58,76,2,3,4,,,,
 Total ANALANJIROFO ,6,"1,286,856",31,90,"264,327","51,639","16,437","11,288","2,258",41,151,"370,958","115,658","36,814","25,281","5,056",41,229,"494,800","251,805","75,541","51,877","10,375", F , FTT , FTT  CHENESO du 17 Janvier 2023 , 2022-2023 , 63 à 88 km/h , -   ,"16,266","8,103","8,333","2,087",986,"1,436",789,761,982,"2,958","16,266",21,39,31,2,4,3,"44,616","37,645","7,178","46,113", M , FTT , ELIAKIM , 2017-2018 , 89 à 117 km/h ,,"36,432","18,149","18,665","4,675","2,209","3,216","1,767","1,700","2,194","6,611","36,432",51,96,76,6,11,8,"99,928","84,315","16,076","103,282", F , CT , ENAWO , 2016-2017 , 166 à 212 km/h ,,"79,318","37,242","38,299","9,594","4,532","6,600","3,626","3,485","4,497","13,550","79,318",96,168,221,11,19,25,"217,559","183,566","35,001","224,861"
 ANTSINANANA , ANTANAMBAO MANAMPONTSY ,"70,198",5,30,"41,792","16,726","5,324","2,555",511,5,45,"58,277","31,773","10,113","4,854",971,5,45,"58,277","44,779","13,434","6,448","1,290", F , FTT , FTT  CHENESO du 17 Janvier 2023 , 2022-2023 , 89 à 117 km/h ,,"5,352","2,609","2,715",761,426,497,224,379,145,609,"5,352", -   , -   , -   ,1,3,3,,,,, M , CT , AVA , 2017-2018 , 118 à 165 km/h ,,"10,167","4,956","5,158","1,446",809,944,425,720,276,"1,156","10,167", -   , -   , -   ,3,4,4,,,,, F , CT , ENAWO , 2016-2017 , 166 à 212 km/h ,,"14,329","6,582","6,851","1,921","1,075","1,254",564,956,367,"1,535","14,329", -   , -   , -   ,7,6,5,,,,
, BRICKAVILLE ,"237,936",15,113,"168,841","52,547","16,726","6,079","1,216",16,140,"196,059","92,261","29,367","10,673","2,135",16,159,"211,490","147,220","44,166","16,052","3,210", F , FTT , ELIAKIM , 2017-2018 , 89 à 117 km/h ,,"16,815","8,196","8,530","2,392","1,338","1,562",702,"1,512",580,"2,428","16,815",6,17,15,2,6,5,,,,, M , CTI , CTI BATSIRAI (27 Janvier - 08 Février 2022) , 2021-2022 , 166 à 212 km/h ,,"29,523","14,390","14,977","4,199","2,349","2,742","1,233","2,654","1,019","4,264","29,523",16,23,20,5,8,7,,,,, F , CT , ENAWO , 2016-2017 , 166 à 212 km/h ,,"47,111","21,641","22,525","6,316","3,533","4,124","1,855","3,992","1,532","6,413","47,111",36,32,28,12,11,10,,,,
, MAHANORO ,"326,126",11,118,"225,528","48,314","15,378","7,002","1,400",12,143,"251,109","89,541","28,501","12,976","2,595",12,174,"298,392","177,878","53,363","24,296","4,859", F , DT , Depression tropicale FRANCISCO , 2019-2020 , 51 à 62 km/h ,,"15,460","7,535","7,843","2,199","1,230","1,436",646,"1,169",449,"1,878","15,460",14,38,34,2,7,6,,,,, M , CT , CT EMNATI (16 au 26 Février 2022) , 2021-2022 , 118 à 165 km/h ,,"28,653","13,966","14,536","4,076","2,280","2,661","1,197","2,166",831,"3,480","28,653",36,51,45,7,9,8,,,,, F , CTI , CTI BATSIRAI (27 Janvier - 08 Février 2022) , 2021-2022 , 166 à 212 km/h ,,"56,921","26,148","27,215","7,631","4,269","4,983","2,241","4,056","1,557","6,515","56,921",81,72,63,15,13,11,,,,
, MAROLAMBO ,"189,960",9,88,"103,147","24,016","7,644","1,223",245,9,96,"110,786","50,476","16,066","2,571",514,9,106,"121,115","93,617","28,085","4,494",899, F , CT , ENAWO , 2016-2017 , 51 à 62 km/h ,,"7,685","3,746","3,899","1,093",612,714,321,544,209,874,"7,685",8,22,20,0,1,1,,,,, M , CT , AVA , 2017-2018 , 118 à 165 km/h ,,"16,152","7,873","8,194","2,298","1,285","1,500",675,"1,143",439,"1,836","16,152",21,30,26,1,2,1,,,,, F , CTI , CTI BATSIRAI (27 Janvier - 08 Février 2022) , 2021-2022 , 166 à 212 km/h ,,"29,957","13,762","14,323","4,016","2,247","2,623","1,180","1,998",767,"3,210","29,957",47,42,37,2,2,2,,,,
, TOAMASINA I ,"372,192",5,61,"179,120","48,844","15,547","4,140",828,5,75,"241,859","115,648","36,811","9,802","1,960",5,93,"274,886","180,617","54,185","14,429","2,886", F , TTM , TTM DUMAKO (14 AU 16 F2vrier 2022) , 2021-2022 , 51 à 62 km/h ,,"15,630","7,618","7,929","2,223","1,244","1,452",653,"1,405",539,"2,257","15,630",3,9,8,3,7,6,,,,, M , ZCIT , ZCIT 1  , 2014-2015 ,,,"37,007","18,037","18,773","5,264","2,945","3,437","1,546","3,327","1,277","5,345","37,007",9,13,11,7,10,8,,,,, F , CT , AVA , 2017-2018 , 118 à 165 km/h ,,"57,797","26,551","27,634","7,748","4,335","5,060","2,276","4,897","1,880","7,867","57,797",20,18,15,15,13,12,,,,
, TOAMASINA II ,"297,491",16,104,"214,209","38,448","12,238",149,30,17,147,"271,672","99,712","31,738",386,77,17,155,"288,592","183,408","55,022",669,134, F , ZCIT , ZCIT/Forte pluie du 17 Janvier 2022/TTM ANA , 2021-2022 , 63 à 88 km/h ,,"12,303","5,997","6,241","1,750",979,"1,143",514,"1,137",436,"1,826","12,303",7,21,18,2,5,4,,,,, M , TTM , TTM DUMAKO (14 AU 16 F2vrier 2022) , 2021-2022 , 63 à 88 km/h ,,"31,908","15,552","16,187","4,539","2,539","2,964","1,333","2,948","1,132","4,736","31,908",19,28,24,4,6,5,,,,, F , CT , AVA , 2017-2018 , 118 à 165 km/h ,,"58,691","26,961","28,061","7,868","4,402","5,138","2,311","5,111","1,962","8,211","58,691",43,39,34,10,9,8,,,,
, VATOMANDRY ,"194,014",18,122,"138,545","32,763","10,429","5,006","1,001",20,146,"164,269","69,804","22,219","10,665","2,133",20,166,"187,155","131,265","39,380","18,902","3,780", F , CT , AVA , 2017-2018 , 118 à 165 km/h ,,"10,484","5,110","5,319","1,491",834,974,438,918,352,"1,474","10,484",3,7,6,2,6,5,,,,, M , CTI , CTI BATSIRAI (27 Janvier - 08 Février 2022) , 2021-2022 , 166 à 212 km/h ,,"22,337","10,887","11,332","3,177","1,777","2,075",933,"1,955",751,"3,141","22,337",7,10,8,6,8,7,,,,, F , CT , ENAWO , 2016-2017 , 166 à 212 km/h ,,"42,005","19,296","20,084","5,631","3,150","3,677","1,654","3,466","1,330","5,567","42,005",15,14,12,13,11,10,,,,
 Total ANTSINANANA ,7,"1,687,916",78,635,"1,071,181","261,659","83,286","26,652","5,330",84,790,"1,294,030","549,215","174,815","55,941","11,188",84,898,"1,439,906","958,785","287,635","92,044","18,409", F , CTI , CTI BATSIRAI (27 Janvier - 08 Février 2022) , 2021-2022 , 118 à 165 km/h , -   ,"83,731","40,810","42,476","11,910","6,663","7,777","3,498","7,063","2,711","11,346","83,731",41,115,101,12,35,31,"189,179","179,498","46,052","205,925", M , CT , ENAWO , 2016-2017 , 118 à 165 km/h ,,"175,749","85,659","89,156","24,999","13,985","16,324","7,342","14,914","5,725","23,958","175,749",108,154,134,33,47,41, -   , -   , -   , -   , F , CT , AVA , 2017-2018 , 118 à 165 km/h ,,"306,811","140,941","146,694","41,132","23,011","26,859","12,081","24,476","9,395","39,319","306,811",242,217,190,73,66,57,"693,201","657,726","168,746","754,563"
 ATSIMO ANDREFANA , AMPANIHY OUEST ,"458,504",1,3,"8,283","2,057",655,50,10,1,3,"8,283","2,057",655,50,10,1,3,"8,283","2,057",617,47,9, F , CT , CT EMNATI (16 au 26 Février 2022) , 2021-2022 , 63 à 88 km/h ,,767,321,334,107,33,58,24,47,55,40,767,8,7,17,3,2,6,,,,, M , ZCIT , Inondation (due aux fortes pluies) , 2018-2019 ,,,767,321,334,107,33,58,24,47,55,40,767,10,11,26,3,4,9,,,,, F , FTT , FTT JASMINE (23 au 27 Avril 2022) , 2021-2022 , 89 à 117 km/h ,,767,302,315,101,31,55,23,44,52,38,767,16,16,36,5,6,12,,,,
, ANKAZOABO ,"83,379", -   , -   , -   , -   , -   , -   , -   , -   , -   , -   , -   , -   , -   , -   , -   , -   , -   , -   , -   , -   , -   , F , FTT , EKETSANG , 2018-2019 , 63 à 88 km/h ,, -   , -   , -   , -   , -   , -   , -   , -   , -   , -   , -   , -   , -   , -   ,2,2,4,,,,, M , FTT , EKETSANG , 2018-2019 , 63 à 88 km/h ,, -   , -   , -   , -   , -   , -   , -   , -   , -   , -   , -   , -   , -   , -   ,2,3,6,,,,, F , CTI , CTI BATSIRAI (27 Janvier - 08 Février 2022) , 2021-2022 , 89 à 117 km/h ,, -   , -   , -   , -   , -   , -   , -   , -   , -   , -   , -   , -   , -   , -   ,4,4,8,,,,
, BENENITRA ,"49,795",1,3,"4,761",112,36,8,2,1,3,"4,761",125,40,9,2,1,3,"4,761",142,43,10,2, F , CTI , CTI BATSIRAI (27 Janvier - 08 Février 2022) , 2021-2022 , 51 à 62 km/h ,,42,17,18,6,2,3,1,3,4,3,42,2,2,5,1,1,3,,,,, M , CT , ENAWO , 2016-2017 , 63 à 88 km/h ,,47,20,20,7,2,4,1,3,4,3,47,3,3,7,2,2,4,,,,, F , FTT , FTT JASMINE (23 au 27 Avril 2022) , 2021-2022 , 89 à 117 km/h ,,53,21,22,7,2,4,2,4,4,3,53,4,5,10,3,3,6,,,,
, BEROROHA ,"78,980",1,1,"2,659",20,6, -   , -   ,1,1,"2,659",506,161, -   , -   ,1,1,"2,659",759,228, -   , -   , F , FTT , CHEDZA , 2014-2015 , 63 à 88 km/h ,,7,3,3,1,0,1,0,0,1,0,7,5,4,10,2,2,4,,,,, M , CTI , CTI BATSIRAI (27 Janvier - 08 Février 2022) , 2021-2022 , 89 à 117 km/h ,,189,79,82,26,8,14,6,12,14,10,189,6,6,15,3,3,7,,,,, F , CT , FUNDI , 2014-2015 , 118 à 165 km/h ,,283,112,116,37,11,20,8,17,20,15,283,9,9,21,4,4,9,,,,
, BETIOKY ATSIMO ,"352,626",1,2,"12,176",55,18,4,1,2,3,"13,693",136,43,10,2,1,2,"12,176",55,17,4,1, F , ZCIT , Inondation (due aux fortes pluies) , 2018-2019 ,,,21,9,9,3,1,2,1,1,2,1,21,3,2,6,4,3,7,,,,, M , FTT , FTT JASMINE (23 au 27 Avril 2022) , 2021-2022 , 89 à 117 km/h ,,51,21,22,7,2,4,2,3,4,3,51,3,4,9,4,5,12,,,,, F , CT , FUNDI , 2014-2015 , 118 à 165 km/h ,,21,8,8,3,1,1,1,1,1,1,21,5,5,12,7,7,16,,,,
, MOROMBE ,"249,531",5,26,"122,266","12,164","3,872",860,172,5,26,"122,266","23,392","7,446","1,654",331,6,34,"161,799","51,411","15,423","3,427",685, F , FTT , EKETSANG , 2018-2019 , 63 à 88 km/h ,,"4,537","1,897","1,975",631,194,342,143,292,339,249,"4,537",8,7,17,3,2,5,,,,, M , CT , FUNDI , 2014-2015 , 118 à 165 km/h ,,"8,725","3,648","3,797","1,214",372,658,275,561,652,480,"8,725",10,11,26,3,3,8,,,,, F , ZCIT , Inondation (due aux fortes pluies) , 2018-2019 ,,,"19,176","7,557","7,866","2,514",771,"1,362",571,"1,162","1,350",994,"19,176",16,16,36,5,5,11,,,,
, SAKARAHA ,"172,793",3,9,"13,397","1,134",397,30,6,3,9,"13,397","2,269",722,55,11,3,17,"18,749","5,540","1,662",127,25, F , CTI , CTI BATSIRAI (27 Janvier - 08 Février 2022) , 2021-2022 , 51 à 62 km/h ,,423,195,202,65,20,35,15,34,39,29,423,1,1,3,2,1,3,,,,, M , CTI , CTI BATSIRAI (27 Janvier - 08 Février 2022) , 2021-2022 , 89 à 117 km/h ,,846,354,368,118,36,64,27,61,71,52,846,2,2,4,2,2,5,,,,, F , CTI , CTI BATSIRAI (27 Janvier - 08 Février 2022) , 2021-2022 , 89 à 117 km/h ,,"2,066",814,848,271,83,147,61,141,164,121,"2,066",2,3,6,3,3,7,,,,
, TOLIARA-I ,"193,926",6,30,"181,964","12,446","4,356",623,125,7,31,"181,964","23,110","7,356","1,052",210,6,40,"191,911","52,462","15,739","2,250",450, F , FTT , FTT JASMINE (23 au 27 Avril 2022) , 2021-2022 , 89 à 117 km/h ,,"4,642","2,134","2,222",710,218,385,161,344,399,294,"4,642",3,2,5,1,1,2,,,,, M , CT , FUNDI , 2014-2015 , 118 à 165 km/h ,,"8,620","3,604","3,752","1,199",368,650,272,581,674,496,"8,620",3,3,8,1,1,3,,,,, F , ZCIT , Inondation (due aux fortes pluies) , 2018-2019 ,,,"19,568","7,712","8,027","2,565",787,"1,390",582,"1,242","1,443","1,062","19,568",5,5,11,2,2,4,,,,
, TOLIARA-II ,"426,513",17,96,"161,076","25,778","9,022",913,183,17,100,"166,231","45,384","14,446","1,462",292,18,174,"277,415","104,864","31,459","3,184",637, F , CTI , CTI BATSIRAI (27 Janvier - 08 Février 2022) , 2021-2022 , 51 à 62 km/h ,,"9,615","4,421","4,601","1,471",451,797,334,680,790,581,"9,615",14,11,28,5,4,10,,,,, M , FTT , FTT JASMINE (23 au 27 Avril 2022) , 2021-2022 , 89 à 117 km/h ,,"16,928","7,078","7,367","2,355",722,"1,276",534,"1,088","1,264",931,"16,928",17,19,43,6,6,15,,,,, F , CT , FUNDI , 2014-2015 , 118 à 165 km/h ,,"39,114","15,415","16,044","5,128","1,573","2,778","1,164","2,370","2,753","2,027","39,114",26,27,60,9,10,21,,,,
 Total ATSIMO ANDREFANA ,9,"2,066,046",34,168,"506,582","53,766","18,361","2,807",561,36,174,"513,254","96,980","30,869","4,718",944,36,273,"677,754","217,290","65,187","9,964","1,993", F , FTT , FTT JASMINE (23 au 27 Avril 2022) , 2021-2022 , 89 à 117 km/h , -   ,"20,055","8,997","9,364","2,993",918,"1,622",679,"1,401","1,628","1,198","20,055",44,35,89,22,17,44, -   , -   , -   , -   , M , ZCIT , Inondation (due aux fortes pluies) , 2018-2019 ,,,"36,173","15,126","15,743","5,032","1,543","2,726","1,142","2,357","2,738","2,015","36,173",54,59,139,27,29,69,"73,607","67,886","10,280","82,821", F , CT , FUNDI , 2014-2015 , 89 à 117 km/h ,,"81,049","31,942","33,245","10,625","3,259","5,757","2,412","4,982","5,788","4,260","81,049",84,87,191,42,43,95,"164,923","152,103","23,033","185,566"
 ATSIMO ANTSINANANA , BEFOTAKA ,"61,096",4,11,"19,876","5,260","1,674",781,156,4,14,"23,527","7,568","2,409","1,124",225,4,19,"30,172","11,560","3,468","1,617",323, F , CT , ENAWO , 2016-2017 , 51 à 62 km/h ,,"1,988",817,857,288,84,172,55,105,90,121,"1,988",6,7,26,1,1,3,,,,, M , CTI , CTI BATSIRAI (27 Janvier - 08 Février 2022) , 2021-2022 , 89 à 117 km/h ,,"2,861","1,176","1,233",414,120,248,79,151,130,174,"2,861",16,10,33,2,1,4,,,,, F , CT , CT EMNATI (16 au 26 Février 2022) , 2021-2022 , 118 à 165 km/h ,,"4,370","1,692","1,776",596,173,356,114,218,187,250,"4,370",32,19,46,3,2,5,,,,
, FARAFANGANA ,"466,388",10,56,"149,900","36,187","13,027","8,257","1,651",11,59,"153,978","44,326","14,109","8,942","1,788",11,61,"154,203","48,619","14,586","9,244","1,849", F , CTI , CTI BATSIRAI (27 Janvier - 08 Février 2022) , 2021-2022 , 63 à 88 km/h ,,"13,679","6,357","6,670","2,241",651,"1,338",430,803,688,922,"13,679",37,41,159,3,3,12,,,,, M , FTT , CHEDZA , 2014-2015 , 63 à 88 km/h ,,"16,755","6,885","7,224","2,427",705,"1,450",466,869,746,998,"16,755",99,60,203,7,5,15,,,,, F , CT , CT EMNATI (16 au 26 Février 2022) , 2021-2022 , 118 à 165 km/h ,,"18,378","7,118","7,468","2,509",729,"1,499",481,899,771,"1,032","18,378",192,116,279,15,9,21,,,,
, MIDONGY-ATSIMO ,"54,624",5,20,"27,211","8,725","2,777",684,137,5,27,"34,920","13,479","4,290","1,057",211,5,32,"40,511","19,049","5,715","1,409",282, F , CTI , CTI BATSIRAI (27 Janvier - 08 Février 2022) , 2021-2022 , 63 à 88 km/h ,,"3,298","1,355","1,422",478,139,285,92,165,142,189,"3,298",7,8,29,1,1,3,,,,, M , CT , ENAWO , 2016-2017 , 63 à 88 km/h ,,"5,095","2,094","2,197",738,215,441,142,255,219,293,"5,095",18,11,37,2,1,4,,,,, F , CT , CT EMNATI (16 au 26 Février 2022) , 2021-2022 , 118 à 165 km/h ,,"7,201","2,789","2,926",983,286,587,189,339,291,390,"7,201",35,21,51,4,3,6,,,,
, VANGAINDRANO ,"405,899",19,57,"141,730","20,106","7,238","1,960",392,19,70,"157,444","31,930","10,163","2,752",550,19,80,"174,304","49,543","14,863","4,024",805, F , CTI , CTI BATSIRAI (27 Janvier - 08 Février 2022) , 2021-2022 , 63 à 88 km/h ,,"7,600","3,532","3,706","1,245",362,744,239,463,397,532,"7,600",20,22,85,4,4,16,,,,, M , FTT , FTT  CHENESO du 17 Janvier 2023 , 2022-2023 , 89 à 117 km/h ,,"12,069","4,960","5,204","1,748",508,"1,044",335,650,558,747,"12,069",53,32,109,10,6,20,,,,, F , CT , CT EMNATI (16 au 26 Février 2022) , 2021-2022 , 118 à 165 km/h ,,"18,727","7,253","7,610","2,556",743,"1,527",490,951,816,"1,092","18,727",103,62,150,19,12,28,,,,
, VONDROZO ,"188,606",7,32,"73,840","12,326","3,923",881,176,7,36,"77,668","17,473","5,562","1,248",250,7,38,"79,349","24,463","7,339","1,647",329, F , CTI , CTI BATSIRAI (27 Janvier - 08 Février 2022) , 2021-2022 , 63 à 88 km/h ,,"4,659","1,915","2,009",675,196,403,129,272,233,312,"4,659",16,17,68,1,2,6,,,,, M , FTT , CHEDZA , 2014-2015 , 63 à 88 km/h ,,"6,605","2,714","2,847",957,278,571,184,385,331,443,"6,605",42,26,87,4,2,8,,,,, F , CT , CT EMNATI (16 au 26 Février 2022) , 2021-2022 , 118 à 165 km/h ,,"9,247","3,581","3,758","1,262",367,754,242,509,436,584,"9,247",82,50,119,8,5,11,,,,
 Total ATSIMO ANTSINANANA ,5,"1,176,614",44,175,"412,556","82,604","28,640","12,858","2,572",45,205,"447,537","114,775","36,533","16,402","3,280",45,229,"478,538","153,234","45,970","20,639","4,128", F , CT , ENAWO , 2016-2017 , 51 à 62 km/h , -   ,"31,224","13,976","14,664","4,926","1,432","2,943",945,"1,808","1,550","2,076","31,224",85,94,367,9,10,41,"76,492","66,331","14,621","77,978", M , CTI , CTI BATSIRAI (27 Janvier - 08 Février 2022) , 2021-2022 , 89 à 117 km/h ,,"43,385","17,828","18,705","6,284","1,827","3,753","1,206","2,311","1,982","2,653","43,385",228,139,469,25,15,52,"106,282","92,164","20,315","108,348", F , CT , CT EMNATI (16 au 26 Février 2022) , 2021-2022 , 118 à 165 km/h ,,"57,923","22,433","23,537","7,907","2,299","4,723","1,517","2,915","2,500","3,347","57,923",443,269,645,49,30,71,"141,895","123,047","27,122","144,653"
 BETSIBOKA , KANDREHO ,"29,305",1,1,841,28,9,1,0,1,1,841,28,9,1,0,1,1,841,28,8,1,0, F , FTT , CHEDZA , 2014-2015 , 89 à 117 km/h ,,10,4,4,1,0,1,0,1,0,1,10,3,3,5,0,1,1,,,,, M , FTT , FTT  CHENESO du 17 Janvier 2023 , 2022-2023 , 89 à 117 km/h ,,10,4,4,1,0,1,0,1,0,1,10,5,5,7,1,1,1,,,,, F , ZCIT , Forte pluie de 19 au 24 Janvier 2020 , 2019-2020 ,,,10,4,4,1,0,1,0,1,0,1,10,8,9,8,1,2,1,,,,
, MAEVATANANA ,"249,179",7,25,"61,653","9,512","3,028","1,011",202,7,30,"67,056","12,692","4,040","1,349",270,14,62,"109,606","20,923","6,277","2,096",419, F , FTT , CHEDZA , 2014-2015 , 89 à 117 km/h ,,"3,272","1,508","1,520",469,151,299,103,327,145,201,"3,272",2,2,4,2,2,4,,,,, M , ZCIT , Forte pluie de 19 au 24 Janvier 2020 , 2019-2020 ,,,"4,366","2,012","2,028",626,202,399,137,436,193,268,"4,366",3,4,5,3,4,5,,,,, F , FTT , FTT  CHENESO du 17 Janvier 2023 , 2022-2023 , 89 à 117 km/h ,,"7,197","3,126","3,151",973,314,620,213,677,301,417,"7,197",6,6,6,6,6,6,,,,
, TSARATANANA ,"165,404",4,13,"28,612",884,281,35,7,4,15,"30,374","1,060",337,42,8,6,19,"36,723","1,347",404,51,10, F , CT , AVA , 2017-2018 , 63 à 88 km/h ,,304,140,141,44,14,28,10,32,14,20,304,2,3,5,2,3,5,,,,, M , FTT , FTT  CHENESO du 17 Janvier 2023 , 2022-2023 , 89 à 117 km/h ,,365,168,169,52,17,33,11,38,17,23,365,4,5,6,4,4,6,,,,, F , ZCIT , Forte pluie de 19 au 24 Janvier 2020 , 2019-2020 ,,,463,201,203,63,20,40,14,46,20,28,463,8,8,8,7,8,7,,,,
 Total BETSIBOKA ,3,"443,888",11,38,"91,107","10,424","3,318",834,167,11,45,"98,271","13,780","4,386","1,103",221,20,81,"147,170","22,298","6,689","1,682",336, F , FTT , CHEDZA , 2014-2015 , 89 à 117 km/h , -   ,"3,586","1,652","1,666",514,166,328,113,359,160,221,"3,586",7,8,14,5,5,9,"9,007","8,214","1,856","9,497", M , FTT , FTT  CHENESO du 17 Janvier 2023 , 2022-2023 , 89 à 117 km/h ,,"4,740","2,184","2,202",680,219,433,149,475,211,292,"4,740",12,14,17,8,9,12,"11,906","10,859","2,453","12,554", F , ZCIT , Forte pluie de 19 au 24 Janvier 2020 , 2019-2020 ,,,"7,670","3,331","3,358","1,037",334,660,227,724,321,445,"7,670",22,23,22,15,15,15,"19,265","17,571","3,969","20,313"
 BOENY , AMBATO BOENI ,"300,403",8,26,"135,590","16,978","4,244",379,76,8,34,"150,364","28,797","9,166",818,164,11,61,"195,430","71,276","21,383","1,909",382, F , FTT , CHEDZA , 2014-2015 , 63 à 88 km/h ,,"5,552","2,084","2,160",594,212,370,187,396,187,405,"5,552",2,3,2,1,1,1,,,,, M , ZCIT , Forte pluie de 19 au 24 Janvier 2020 , 2019-2020 ,,,"9,417","4,500","4,665","1,283",458,799,403,855,403,874,"9,417",5,6,4,2,2,1,,,,, F , FTT , FTT  CHENESO du 17 Janvier 2023 , 2022-2023 , 89 à 117 km/h ,,"23,307","10,499","10,884","2,994","1,069","1,865",941,"1,994",940,"2,039","23,307",11,11,6,3,4,2,,,,
, MAHAJANGA I ,"279,766",1,2,"42,272","6,581","1,645",376,75,2,8,"94,534","25,757","8,198","1,875",375,2,10,"116,620","53,651","16,095","3,681",736, F , ZCIT , Forte pluie de 19 au 24 Janvier 2020 , 2019-2020 ,,,"2,152",808,837,230,82,143,72,183,86,187,"2,152",0,1,0,0,0,0,,,,, M , FTT , FTT  CHENESO du 17 Janvier 2023 , 2022-2023 , 63 à 88 km/h ,,"8,423","4,025","4,173","1,148",410,715,361,913,431,934,"8,423",1,1,1,1,1,0,,,,, F , CT , AVA , 2017-2018 , 89 à 117 km/h ,,"17,544","7,903","8,192","2,253",805,"1,404",708,"1,792",845,"1,833","17,544",2,2,1,1,1,1,,,,
, MAHAJANGA II ,"108,625",4,20,"42,419","8,826","2,206",750,150,5,26,"46,353","14,464","4,604","1,566",313,6,30,"58,855","18,735","5,621","1,911",382, F , FTT , FTT  CHENESO du 17 Janvier 2023 , 2022-2023 , 63 à 88 km/h ,,"2,886","1,083","1,123",309,110,192,97,216,102,221,"2,886",3,4,3,1,1,1,,,,, M , CT , AVA , 2017-2018 , 89 à 117 km/h ,,"4,730","2,260","2,343",645,230,402,203,450,212,460,"4,730",7,8,5,2,2,1,,,,, F , ZCIT , Forte pluie de 19 au 24 Janvier 2020 , 2019-2020 ,,,"6,126","2,760","2,861",787,281,490,247,550,259,562,"6,126",15,16,9,3,4,2,,,,
, MAROVOAY ,"224,880",7,12,"39,006","4,987","1,247",266,53,10,41,"97,125","21,964","6,991","1,491",298,11,56,"109,703","45,738","13,722","2,926",585, F , FTT , CHEDZA , 2014-2015 , 63 à 88 km/h ,,"1,631",612,635,175,62,109,55,122,57,125,"1,631",2,3,3,1,1,1,,,,, M , ZCIT , Forte pluie de 19 au 24 Janvier 2020 , 2019-2020 ,,,"7,182","3,433","3,559",979,350,610,308,684,322,699,"7,182",6,7,4,2,2,1,,,,, F , FTT , FTT  CHENESO du 17 Janvier 2023 , 2022-2023 , 89 à 117 km/h ,,"14,956","6,737","6,984","1,921",686,"1,197",604,"1,342",633,"1,372","14,956",12,13,8,3,4,2,,,,
, MITSINJO ,"95,700",3,7,"31,206","2,253",563,192,38,4,11,"37,201","5,261","1,674",569,114,6,25,"52,575","19,470","5,841","1,986",397, F , FTT , FTT ELOISE (17 au 23 Janv 21) , 2020-2021 , 63 à 88 km/h ,,737,277,287,79,28,49,25,54,25,55,737,3,5,4,0,1,1,,,,, M , FTT , FTT  CHENESO du 17 Janvier 2023 , 2022-2023 , 89 à 117 km/h ,,"1,720",822,852,234,84,146,74,160,75,163,"1,720",9,10,6,1,1,1,,,,, F , ZCIT , Forte pluie de 19 au 24 Janvier 2020 , 2019-2020 ,,,"6,367","2,868","2,973",818,292,509,257,558,263,570,"6,367",18,20,11,2,3,1,,,,
, SOALALA ,"47,401",2,6,"12,525","1,038",260,88,18,2,6,"12,525","1,098",349,119,24,4,14,"21,496","5,936","1,781",606,121, F , FTT , FTT ELOISE (17 au 23 Janv 21) , 2020-2021 , 63 à 88 km/h ,,339,127,132,36,13,23,11,24,11,24,339,3,4,4,0,1,1,,,,, M , FTT , BELNA (06 au 11 Décembre 2019) , 2019-2020 , 118 à 165 km/h ,,359,172,178,49,17,30,15,32,15,33,359,9,9,6,1,1,1,,,,, F , FTT , IDAI , 2018-2019 , 166 à 212 km/h ,,"1,941",874,906,249,89,155,78,162,77,166,"1,941",18,19,11,2,3,2,,,,
 Total BOENY ,6,"1,056,774",24,71,"303,017","40,662","10,166","2,305",461,30,124,"438,101","97,340","30,983","7,025","1,405",39,195,"554,678","214,806","64,442","14,610","2,922", F , CT , AVA , 2017-2018 , 89 à 117 km/h , -   ,"13,297","4,991","5,174","1,423",508,887,447,994,469,"1,017","13,297",14,19,17,3,4,4,"26,146","22,689","8,620","28,992", M , ZCIT , Forte pluie de 19 au 24 Janvier 2020 , 2019-2020 ,,,"31,830","15,213","15,771","4,338","1,549","2,702","1,363","3,093","1,459","3,164","31,830",38,41,26,8,9,6,"62,590","54,316","20,636","69,404", F , FTT , FTT  CHENESO du 17 Janvier 2023 , 2022-2023 , 89 à 117 km/h ,,"70,241","31,641","32,801","9,022","3,222","5,620","2,835","6,397","3,017","6,543","70,241",76,82,46,16,18,10,"138,120","119,862","45,539","153,156"
 DIANA , AMBANJA ,"272,326",22,70,"100,448","16,417","5,225","1,824",365,24,107,"170,264","39,831","12,678","4,425",885,24,165,"256,327","89,415","26,824","9,363","1,873", F , FTT , CHEDZA , 2014-2015 , 89 à 117 km/h ,,"5,106","2,545","2,681",716,261,479,251,242,312,940,"5,106",2,3,2,5,10,5,,,,, M , CT , ENAWO , 2016-2017 , 63 à 88 km/h ,,"12,388","6,174","6,504","1,737",634,"1,162",609,586,756,"2,280","12,388",2,4,3,6,13,9,,,,, F , ZCIT , Forte pluie de 19 au 24 Janvier 2020 , 2019-2020 ,,,"27,808","13,064","13,761","3,675","1,341","2,458","1,288","1,241","1,601","4,823","27,808",3,6,5,10,18,15,,,,
, AMBILOBE ,"327,583",16,68,"155,575","25,409","8,088","1,049",210,16,92,"195,875","47,379","15,081","1,957",391,17,148,"281,495","99,601","29,880","3,877",775, F , ZCIT , Inondation (due aux fortes pluies) , 2018-2019 ,,,"7,902","3,939","4,149","1,108",404,741,388,345,444,"1,339","7,902",6,11,5,4,9,4,,,,, M , ZCIT , Forte pluie de 19 au 24 Janvier 2020 , 2019-2020 ,,,"14,735","7,344","7,736","2,066",754,"1,382",724,642,829,"2,497","14,735",7,14,10,6,11,8,,,,, F , FTT , ELIAKIM , 2017-2018 , 89 à 117 km/h ,,"30,976","14,552","15,329","4,094","1,494","2,738","1,434","1,273","1,642","4,948","30,976",11,20,17,9,16,13,,,,
, ANTSIRANANA-I ,"148,603",1,10,"71,147","12,651","4,027",468,94,1,11,"79,045","27,182","8,652","1,007",201,1,23,"140,147","59,355","17,806","2,072",414, F , ZCIT , ZCIT/Forte pluie du 17 Janvier 2022/TTM ANA , 2021-2022 ,,,"3,934","1,961","2,066",552,201,369,193,210,271,817,"3,934",2,5,2,0,1,0,,,,, M , FTT , FTT  CHENESO du 17 Janvier 2023 , 2022-2023 , 89 à 117 km/h ,,"8,453","4,213","4,438","1,185",433,793,415,452,583,"1,756","8,453",3,6,4,1,1,1,,,,, F , ZCIT , Inondation (due aux fortes pluies) , 2018-2019 ,,,"18,459","8,672","9,135","2,439",890,"1,632",855,930,"1,200","3,615","18,459",5,9,7,1,2,1,,,,
, ANTSIRANANA-II ,"149,744",23,61,"75,695","12,666","4,032",469,94,23,118,"119,803","32,071","10,208","1,188",238,23,157,"149,074","74,813","22,444","2,611",522, F , CT , ENAWO , 2016-2017 , 63 à 88 km/h ,,"3,939","1,963","2,068",552,202,369,194,181,234,705,"3,939",2,5,2,5,9,4,,,,, M , FTT , FTT  CHENESO du 17 Janvier 2023 , 2022-2023 , 89 à 117 km/h ,,"9,974","4,971","5,237","1,399",510,935,490,459,592,"1,784","9,974",3,6,4,6,12,8,,,,, F , FTT , ELIAKIM , 2017-2018 , 89 à 117 km/h ,,"23,267","10,930","11,514","3,075","1,122","2,057","1,077","1,009","1,302","3,923","23,267",5,9,7,9,17,14,,,,
, NOSY-BE ,"124,410",5,16,"72,649","3,963","1,261",147,29,5,22,"80,730","6,100","1,942",226,45,5,44,"124,410","17,060","5,118",595,119, F , ZCIT , Inondation (due aux fortes pluies) , 2018-2019 ,,,"1,232",614,647,173,63,116,61,64,82,248,"1,232",2,4,2,2,4,2,,,,, M , CT , ENAWO , 2016-2017 , 63 à 88 km/h ,,"1,897",946,996,266,97,178,93,98,127,382,"1,897",2,5,3,2,5,3,,,,, F , FTT , ELIAKIM , 2017-2018 , 89 à 117 km/h ,,"5,306","2,492","2,626",701,256,469,246,259,334,"1,006","5,306",4,7,6,4,6,5,,,,
 Total DIANA ,5,"1,022,666",67,224,"475,515","71,106","22,633","5,266","1,053",69,349,"645,717","152,563","48,561","11,299","2,260",70,537,"951,452","340,244","102,073","23,751","4,750", F , CT , ENAWO , 2016-2017 , 63 à 88 km/h , -   ,"22,114","11,022","11,611","3,101","1,132","2,074","1,086","1,042","1,344","4,049","22,114",14,28,13,16,33,15,"41,953","36,904","12,088","46,859", M , ZCIT , Forte pluie de 19 au 24 Janvier 2020 , 2019-2020 ,,,"47,447","23,649","24,912","6,653","2,428","4,450","2,331","2,238","2,887","8,700","47,447",17,35,25,20,41,30,"90,012","79,180","25,936","100,539", F , FTT , ELIAKIM , 2017-2018 , 89 à 117 km/h ,,"105,816","49,710","52,364","13,984","5,104","9,354","4,900","4,711","6,078","18,316","105,816",28,50,42,33,59,49,"200,744","176,586","57,841","224,221"
 FITOVINANY , IKONGO ,"231,057",9,62,"75,781","25,777","8,205","4,733",947,9,69,"85,821","42,814","13,628","7,860","1,572",9,100,"118,205","72,972","21,892","12,627","2,525", F , FTT , CHEDZA , 2014-2015 , 51 à 62 km/h ,,"9,280","4,012","4,193","1,288",656,786,287,404,356,880,"9,280",1,2,3,0,0,1, -   , -   , -   , -   , M , CTI , CTI BATSIRAI (27 Janvier - 08 Février 2022) , 2021-2022 , 118 à 165 km/h ,,"15,413","6,664","6,964","2,140","1,090","1,306",477,672,592,"1,462","15,413",6,5,8,2,1,2,, -   , -   , -   , F , ZCIT , ZCIT/Forte pluie du 17 Janvier 2022/TTM ANA , 2021-2022 ,,,"26,270","10,705","11,187","3,437","1,751","2,097",766,"1,079",951,"2,348","26,270",30,9,24,8,2,6,,,,
, MANAKARA ATSIMO ,"447,374",21,97,"145,561","60,067","21,624","4,306",861,23,109,"161,054","87,908","27,981","5,571","1,114",26,161,"215,245","153,914","46,174","9,194","1,839", F , CTI , CTI BATSIRAI (27 Janvier - 08 Février 2022) , 2021-2022 , 118 à 165 km/h ,,"21,624","10,574","11,050","3,395","1,730","2,072",757,"1,134",999,"2,468","21,624",6,12,18,0,1,1, -   , -   , -   , -   , M , CT , CT EMNATI (16 au 26 Février 2022) , 2021-2022 , 118 à 165 km/h ,,"31,647","13,683","14,298","4,393","2,238","2,681",979,"1,467","1,293","3,193","31,647",40,34,53,3,2,4,, -   , -   , -   , F , FTT , CHEDZA , 2014-2015 , 89 à 117 km/h ,,"55,409","22,579","23,595","7,249","3,694","4,424","1,616","2,421","2,133","5,270","55,409",207,62,166,14,4,11,,,,
, VOHIPENO ,"163,451",10,50,"54,590","19,780","7,121","2,664",533,10,54,"61,293","30,900","9,836","3,679",736,10,60,"66,271","42,740","12,822","4,796",959, F , FTT , ELIAKIM , 2017-2018 , 89 à 117 km/h ,,"7,121","3,482","3,639","1,118",570,682,249,382,336,830,"7,121",2,3,5,0,0,1, -   , -   , -   , -   , M , CTI , CTI BATSIRAI (27 Janvier - 08 Février 2022) , 2021-2022 , 118 à 165 km/h ,,"11,124","4,810","5,026","1,544",787,942,344,527,464,"1,147","11,124",10,9,13,1,1,2,, -   , -   , -   , F , CT , CT EMNATI (16 au 26 Février 2022) , 2021-2022 , 118 à 165 km/h ,,"15,386","6,270","6,552","2,013","1,026","1,228",449,687,605,"1,495","15,386",52,15,42,7,2,6,,,,
 Total FITOVINANY ,3,"841,882",40,209,"275,932","105,625","36,950","14,714","2,943",42,232,"308,169","161,623","51,444","20,486","4,097",45,321,"399,721","269,625","80,888","32,211","6,442", F , FTT , CHEDZA , 2014-2015 , 51 à 62 km/h , -   ,"38,025","18,069","18,881","5,801","2,956","3,540","1,293","1,920","1,692","4,178","38,025",9,17,25,1,2,3,"96,964","87,986","21,548","99,288", M , CTI , CTI BATSIRAI (27 Janvier - 08 Février 2022) , 2021-2022 , 118 à 165 km/h ,,"58,184","25,156","26,288","8,077","4,116","4,929","1,801","2,666","2,349","5,802","58,184",56,48,74,6,5,7,"148,369","134,632","32,971","151,925", F , CT , CT EMNATI (16 au 26 Février 2022) , 2021-2022 , 118 à 165 km/h ,,"97,065","39,554","41,334","12,699","6,471","7,749","2,831","4,188","3,689","9,113","97,065",289,86,231,29,9,23,"312,344","283,423","69,410","319,829"
 HAUTE MATSIATRA , AMBALAVAO ,"332,153",1,13,"53,322","1,648",525, -   , -   ,1,13,"53,322","1,648",525, -   , -   ,1,13,"2,796",871,261, -   , -   , F , FTT , ELIAKIM , 2017-2018 , 51 à 62 km/h ,,595,260,265,70,21,46,25,44,42,23,595,6,11,11,1,2,2, -   , -   , -   , -   , M , FTT , CHEDZA , 2014-2015 , 63 à 88 km/h ,,595,260,265,70,21,46,25,44,42,23,595,14,16,34,3,3,7,, -   , -   , -   , F , CTI , CTI BATSIRAI (27 Janvier - 08 Février 2022) , 2021-2022 , 118 à 165 km/h ,,314,129,132,35,10,23,13,22,21,11,314,29,24,53,6,5,10,,,,
, AMBOHIMAHASOA ,"300,917",2,9,"48,389","1,815",578,197,39,2,9,"48,389","1,815",578,197,39,2,9,"48,389","1,815",545,186,37, F , FTT , CHEDZA , 2014-2015 , 51 à 62 km/h ,,655,286,292,77,23,50,28,45,43,23,655,2,3,3,1,2,2, -   , -   , -   , -   , M , CTI , CTI BATSIRAI (27 Janvier - 08 Février 2022) , 2021-2022 , 89 à 117 km/h ,,655,286,292,77,23,50,28,45,43,23,655,4,4,9,2,2,5,, -   , -   , -   , F , CT , CT EMNATI (16 au 26 Février 2022) , 2021-2022 , 118 à 165 km/h ,,655,270,275,73,22,48,26,42,40,22,655,7,6,13,4,4,8,,,,
, FIANARANTSOA I ,"213,465",1,2,"20,176",960,306,104,21,1,2,"20,176","1,542",491,167,33,7,22,"88,999","4,654","1,396",476,95, F , FTT , CHEDZA , 2014-2015 , 51 à 62 km/h ,,347,151,154,41,12,27,15,31,29,16,347,1,2,2,1,1,1, -   , -   , -   , -   , M , CT , CT EMNATI (16 au 26 Février 2022) , 2021-2022 , 118 à 165 km/h ,,557,243,248,66,20,43,24,50,47,26,557,3,3,7,1,1,3,, -   , -   , -   , F , CTI , CTI BATSIRAI (27 Janvier - 08 Février 2022) , 2021-2022 , 118 à 165 km/h ,,"1,680",691,705,187,56,122,67,141,134,73,"1,680",6,5,12,2,2,4,,,,
, IKALAMAVONY ,"139,501",1,1,996,50,16,2,0,1,4,"3,388",319,101,12,2,1,4,"3,388",488,146,17,3, F , FTT , FTT  CHENESO du 17 Janvier 2023 , 2022-2023 , 89 à 117 km/h ,,18,8,8,2,1,1,1,1,1,1,18,1,1,2,0,1,1, -   , -   , -   , -   , M , FTT , ELIAKIM , 2017-2018 , 89 à 117 km/h ,,115,50,51,14,4,9,5,8,8,4,115,2,2,5,1,1,3,, -   , -   , -   , F , FTT , CHEDZA , 2014-2015 , 89 à 117 km/h ,,176,73,74,20,6,13,7,12,11,6,176,4,3,7,2,2,4,,,,
, ISANDRA ,"168,140",3,5,"25,940","2,727",868,99,20,3,5,"25,940","2,782",886,101,20,3,5,"25,940","2,837",851,97,19, F , FTT , ELIAKIM , 2017-2018 , 89 à 117 km/h ,,984,430,438,116,35,76,42,70,67,36,984,3,6,6,1,1,1, -   , -   , -   , -   , M , CT , CT EMNATI (16 au 26 Février 2022) , 2021-2022 , 118 à 165 km/h ,,"1,004",438,447,119,35,77,43,72,68,37,"1,004",8,9,19,1,1,3,, -   , -   , -   , F , CTI , CTI BATSIRAI (27 Janvier - 08 Février 2022) , 2021-2022 , 118 à 165 km/h ,,"1,024",421,430,114,34,74,41,69,66,36,"1,024",16,13,29,3,2,5,,,,
, LALANGINA ,"204,990",2,7,"26,603","1,807",575,97,19,2,7,"26,603","1,807",575,97,19,2,7,"26,603","1,807",542,92,18, F , CT , CT EMNATI (16 au 26 Février 2022) , 2021-2022 , 89 à 117 km/h ,,652,285,290,77,23,50,28,44,42,23,652,3,5,6,1,1,1, -   , -   , -   , -   , M , CTI , CTI BATSIRAI (27 Janvier - 08 Février 2022) , 2021-2022 , 89 à 117 km/h ,,652,285,290,77,23,50,28,44,42,23,652,7,8,17,2,2,4,, -   , -   , -   , F , CT , AVA , 2017-2018 , 89 à 117 km/h ,,652,268,274,73,22,47,26,41,39,21,652,14,12,26,3,3,6,,,,
, VOHIBATO ,"247,808",1,2,"8,396","1,647",524,88,18,1,2,"8,396","1,647",524,88,18,1,2,"8,396","1,647",494,83,17, F , FTT , CHEDZA , 2014-2015 , 51 à 62 km/h ,,595,259,265,70,21,46,25,42,40,22,595,2,4,4,1,1,2, -   , -   , -   , -   , M , CT , CT EMNATI (16 au 26 Février 2022) , 2021-2022 , 118 à 165 km/h ,,595,259,265,70,21,46,25,42,40,22,595,5,6,12,2,2,5,, -   , -   , -   , F , CTI , CTI BATSIRAI (27 Janvier - 08 Février 2022) , 2021-2022 , 118 à 165 km/h ,,595,245,250,66,20,43,24,40,38,21,595,10,9,19,4,3,7,,,,
 Total HAUTE MATSIATRA ,7,"1,606,973",10,39,"183,821","10,654","3,391",771,154,10,42,"186,213","11,560","3,679",837,167,17,62,"204,510","14,119","4,236",963,193, F , CT , AVA , 2017-2018 , 51 à 62 km/h , -   ,"3,846","1,679","1,713",454,136,296,163,278,265,144,"3,846",19,32,34,5,9,10,"8,949","8,353","1,982","9,311", M , CT , CT EMNATI (16 au 26 Février 2022) , 2021-2022 , 118 à 165 km/h ,,"4,173","1,821","1,858",493,147,322,177,305,290,158,"4,173",43,48,102,12,13,29,"9,710","9,063","2,150","10,103", F , CTI , CTI BATSIRAI (27 Janvier - 08 Février 2022) , 2021-2022 , 118 à 165 km/h ,,"5,097","2,097","2,139",568,169,370,203,368,350,191,"5,097",87,72,159,25,20,45,"11,860","11,070","2,626","12,340"
 IHOROMBE , IAKORA ,"65,194", -   , -   , -   , -   , -   , -   , -   , -   , -   , -   , -   , -   , -   , -   , -   , -   , -   , -   , -   , -   , -   , F , FTT , CHEDZA , 2014-2015 , 51 à 62 km/h ,, -   , -   , -   , -   , -   , -   , -   , -   , -   , -   , -   ,1,1,1,0,0,0, -   , -   , -   , -   , M , CTI , CTI BATSIRAI (27 Janvier - 08 Février 2022) , 2021-2022 , 89 à 117 km/h ,, -   , -   , -   , -   , -   , -   , -   , -   , -   , -   , -   ,2,2,2,1,0,0,, -   , -   , -   , F , CT , CT EMNATI (16 au 26 Février 2022) , 2021-2022 , 118 à 165 km/h ,, -   , -   , -   , -   , -   , -   , -   , -   , -   , -   , -   ,4,2,4,1,1,1, -   ,0,0,0
, IHOSY ,"344,782",1,1,"4,556",364,116,27,5,4,15,"23,887","2,372",755,178,36,4,15,"23,887","3,509","1,053",248,50, F , ZCIT , Inondation (due aux fortes pluies) , 2018-2019 ,,,131,58,58,19,5,11,4,10,5,11,131,2,2,1,1,1,0, -   , -   , -   , -   , M , CT , CT EMNATI (16 au 26 Février 2022) , 2021-2022 , 63 à 88 km/h ,,852,376,379,123,30,73,24,65,33,71,852,4,3,3,1,1,1,, -   , -   , -   , F , CTI , CTI BATSIRAI (27 Janvier - 08 Février 2022) , 2021-2022 , 89 à 117 km/h ,,"1,260",524,528,172,42,102,34,90,45,98,"1,260",6,4,6,2,1,2,,,,
, IVOHIBE ,"81,289",1,3,"15,324","1,258",400,95,19,1,3,"15,324","1,501",478,113,23,2,5,"15,324","1,177",353,83,17, F , CT , CT EMNATI (16 au 26 Février 2022) , 2021-2022 , 63 à 88 km/h ,,452,199,201,65,16,39,13,33,17,37,452,6,6,4,0,0,0, -   , -   , -   , -   , M , CT , CT EMNATI (16 au 26 Février 2022) , 2021-2022 , 63 à 88 km/h ,,539,238,240,78,19,46,15,40,20,44,539,11,9,10,0,0,0,, -   , -   , -   , F , CTI , CTI BATSIRAI (27 Janvier - 08 Février 2022) , 2021-2022 , 118 à 165 km/h ,,423,176,177,58,14,34,11,30,15,32,423,17,11,17,1,0,1,,,,
 Total IHOROMBE ,3,"491,265",2,3,"19,880","1,622",516,244,49,5,17,"39,211","3,873","1,233",582,116,6,20,"39,211","4,686","1,406",664,133, F , FTT , CHEDZA , 2014-2015 , 51 à 62 km/h , -   ,582,257,259,84,21,50,17,43,22,47,582,10,9,6,1,1,1, -   , -   , -   , -   , M , CTI , CTI BATSIRAI (27 Janvier - 08 Février 2022) , 2021-2022 , 89 à 117 km/h ,,"1,390",614,619,201,49,119,39,105,53,114,"1,390",17,15,16,2,2,2, -   , -   , -   , -   , F , CT , CT EMNATI (16 au 26 Février 2022) , 2021-2022 , 118 à 165 km/h ,,"1,682",700,706,229,56,136,45,120,60,131,"1,682",27,17,27,4,2,4,"4,039","3,603",544,"4,198"
 MELAKY , AMBATOMAINTY ,"50,197", -   , -   , -   , -   , -   , -   , -   , -   , -   , -   , -   , -   , -   , -   ,5,9,"15,003",856,257,53,11, F , ZCIT , ZCIT 2 , 2014-2015 ,,, -   , -   , -   , -   , -   , -   , -   , -   , -   , -   , -   ,0,0,0,2,1,1, -   , -   , -   , -   , M , FTT , BELNA (06 au 11 Décembre 2019) , 2019-2020 , 51 à 62 km/h ,, -   , -   , -   , -   , -   , -   , -   , -   , -   , -   , -   ,1,0,0,2,1,1,, -   , -   , -   , F , ZCIT , ZCIT/Forte pluie du 17 Janvier 2022/TTM ANA , 2021-2022 ,,,312,127,129,42,18,25,9,16,21,18,312,1,0,0,4,1,1,,,,
, ANTSALOVA ,"67,702",1,6,"16,081","2,995",953,368,74,1,14,"28,345","5,282","1,681",649,130,6,39,"54,655","13,963","4,189","1,617",323, F , CTI , CTI BATSIRAI (27 Janvier - 08 Février 2022) , 2021-2022 , 51 à 62 km/h ,,"1,093",473,480,156,67,94,34,59,80,68,"1,093",1,1,1,2,1,1, -   , -   , -   , -   , M , CT , AVA , 2017-2018 , 63 à 88 km/h ,,"1,928",834,847,276,118,167,61,105,141,120,"1,928",2,1,1,3,1,2,, -   , -   , -   , F , FTT , FTT  CHENESO du 17 Janvier 2023 , 2022-2023 , 118 à 165 km/h ,,"5,096","2,078","2,111",687,293,415,151,261,351,299,"5,096",4,1,1,6,2,2,,,,
, BESALAMPY ,"68,997",3,10,"21,535","2,977",947,490,98,5,17,"33,682","6,394","2,035","1,052",210,6,26,"41,052","12,533","3,760","1,943",389, F , ZCIT , Inondation (due aux fortes pluies) , 2018-2019 ,,,"1,086",470,478,155,66,94,34,65,87,74,"1,086",9,4,5,2,1,1, -   , -   , -   , -   , M , TTM , IDAI , 2018-2019 , 63 à 88 km/h ,,"2,334","1,010","1,026",334,142,202,73,139,187,159,"2,334",10,5,6,2,1,1,, -   , -   , -   , F , ZCIT , Forte pluie de 19 au 24 Janvier 2020 , 2019-2020 ,,,"4,574","1,865","1,895",617,263,372,135,257,345,294,"4,574",23,7,7,5,1,1,,,,
, MAINTIRANO ,"131,897",1,3,"12,677",677,215,67,13,4,11,"16,510","1,365",434,136,27,8,53,"56,969","9,681","2,904",907,181, F , ZCIT , Inondation (due aux fortes pluies) , 2018-2019 ,,,247,107,109,35,15,21,8,14,19,16,247,8,4,4,4,2,2, -   , -   , -   , -   , M , ZCIT , ZCIT (07 au 16 Févr 21)/glissement de terrain , 2020-2021 ,,,498,215,219,71,30,43,16,28,38,32,498,9,5,5,4,2,2,, -   , -   , -   , F , FTT , FTT  CHENESO du 17 Janvier 2023 , 2022-2023 , 89 à 117 km/h ,,"3,534","1,441","1,464",476,203,288,105,189,254,216,"3,534",21,6,6,9,3,3,,,,
, MORAFENOBE ,"40,096",1,1,"7,149",326,104,22,4,1,1,"7,149",326,104,22,4,3,6,"13,612",664,199,42,8, F , TTM , BELNA (06 au 11 Décembre 2019) , 2019-2020 , 63 à 88 km/h ,,119,51,52,17,7,10,4,7,9,8,119,3,2,2,2,1,1, -   , -   , -   , -   , M , TTM , BELNA (06 au 11 Décembre 2019) , 2019-2020 , 63 à 88 km/h ,,119,51,52,17,7,10,4,7,9,8,119,4,2,2,3,1,2,, -   , -   , -   , F , FTT , FTT  CHENESO du 17 Janvier 2023 , 2022-2023 , 118 à 165 km/h ,,242,99,100,33,14,20,7,13,17,15,242,9,3,3,6,2,2,,,,
 Total MELAKY ,5,"358,888",6,19,"57,442","6,975","2,220",921,184,10,42,"85,685","13,368","4,255","1,764",353,28,132,"181,291","37,696","11,309","4,689",938, F , ZCIT , Forte pluie de 19 au 24 Janvier 2020 , 2019-2020 ,, -   ,"2,546","1,101","1,119",364,155,220,80,145,195,166,"2,546",22,11,12,12,6,7, -   , -   , -   , -   , M , CT , AVA , 2017-2018 , 63 à 88 km/h ,,"4,879","2,110","2,144",698,298,421,153,279,374,319,"4,879",25,13,15,14,7,8,"11,991","10,975","5,922","12,726", F , FTT , FTT  CHENESO du 17 Janvier 2023 , 2022-2023 , 118 à 165 km/h ,,"13,759","5,609","5,700","1,855",792,"1,120",407,736,988,841,"13,759",57,17,17,31,9,9,"33,814","30,949","16,699","35,887"
 MENABE , BELO SUR TSIRIBIHINA ,"144,649",10,60,"61,586","13,734","4,372",604,121,10,64,"67,596","23,857","7,594","1,050",210,10,80,"76,851","42,159","12,648","1,748",350, F , CTI , CTI BATSIRAI (27 Janvier - 08 Février 2022) , 2021-2022 , 51 à 62 km/h ,,"4,903","2,168","2,203",616,262,329,153,505,264,271,"4,903",10,7,6,4,3,2, -   , -   , -   , -   , M , FTT , FTT  CHENESO du 17 Janvier 2023 , 2022-2023 , 63 à 88 km/h ,,"8,517","3,767","3,827","1,071",456,571,266,878,459,472,"8,517",12,9,9,4,3,4,, -   , -   , -   , F , FTT , CHEDZA , 2014-2015 , 89 à 117 km/h ,,"15,051","6,273","6,374","1,783",759,951,443,"1,462",764,785,"15,051",14,13,13,5,5,5,,,,
, MAHABO ,"168,570",9,37,"65,291","8,323","2,649","1,099",220,9,37,"65,291","11,450","3,644","1,511",302,9,37,"65,291","16,452","4,936","2,047",409, F , FTT , CHEDZA , 2014-2015 , 89 à 117 km/h ,,"2,971","1,314","1,335",374,159,199,93,306,160,165,"2,971",15,11,10,3,2,2, -   , -   , -   , -   , M , FTT , CHEDZA , 2014-2015 , 89 à 117 km/h ,,"4,088","1,808","1,837",514,219,274,128,421,220,226,"4,088",17,14,14,4,3,3,, -   , -   , -   , F , CTI , CTI BATSIRAI (27 Janvier - 08 Février 2022) , 2021-2022 , 118 à 165 km/h ,,"5,873","2,448","2,488",696,296,371,173,571,298,306,"5,873",21,19,20,4,4,4,,,,
, MANJA ,"118,788",2,11,"25,656","2,653",844,117,23,2,11,"25,656","4,662","1,484",205,41,3,21,"46,044","11,603","3,481",481,96, F , ZCIT , Inondation (due aux fortes pluies) , 2018-2019 ,,,947,419,426,119,51,64,30,95,50,51,947,1,1,1,3,2,2, -   , -   , -   , -   , M , FTT , CHEDZA , 2014-2015 , 89 à 117 km/h ,,"1,664",736,748,209,89,112,52,168,88,90,"1,664",1,1,1,4,3,3,, -   , -   , -   , F , CTI , CTI BATSIRAI (27 Janvier - 08 Février 2022) , 2021-2022 , 118 à 165 km/h ,,"4,142","1,727","1,754",491,209,262,122,393,205,211,"4,142",1,1,1,5,4,4,,,,
, MIANDRIVAZO ,"173,187",8,34,"56,949","9,172","2,919",404,81,9,50,"68,162","15,172","4,829",668,134,9,66,"92,058","26,853","8,056","1,115",223, F , FTT , CHEDZA , 2014-2015 , 89 à 117 km/h ,,"3,274","1,448","1,471",412,175,220,102,322,168,173,"3,274",11,8,7,4,3,3, -   , -   , -   , -   , M , ZCIT , ZCIT 2 , 2014-2015 ,,,"5,416","2,395","2,434",681,290,363,169,533,278,286,"5,416",13,10,10,5,4,4,, -   , -   , -   , F , CT , AVA , 2017-2018 , 118 à 165 km/h ,,"9,587","3,996","4,060","1,136",483,606,282,889,464,477,"9,587",15,14,15,6,6,6,,,,
, MORONDAVA ,"168,105",4,16,"55,553","11,447","3,643","1,408",282,6,36,"78,640","23,513","7,484","2,892",578,6,55,"109,885","45,503","13,651","5,274","1,055", F , FTT , FTT  CHENESO du 17 Janvier 2023 , 2022-2023 , 51 à 62 km/h ,,"4,086","1,807","1,836",514,219,274,128,421,220,226,"4,086",6,5,4,4,3,3, -   , -   , -   , -   , M , FTT , CHEDZA , 2014-2015 , 89 à 117 km/h ,,"8,394","3,712","3,772","1,055",449,563,262,865,452,465,"8,394",7,6,6,5,4,4,, -   , -   , -   , F , ZCIT , Forte pluie du 23 Février 2020 , 2019-2020 ,,,"16,245","6,771","6,880","1,925",819,"1,027",478,"1,578",824,848,"16,245",9,8,8,6,5,6,,,,
 Total MENABE ,5,"773,298",33,158,"265,035","45,328","14,428","3,989",798,36,197,"305,345","78,654","25,036","6,922","1,384",37,258,"390,128","142,571","42,771","11,825","2,365", F , FTT , CHEDZA , 2014-2015 , 89 à 117 km/h , -   ,"16,182","7,156","7,272","2,034",866,"1,085",505,"1,651",862,886,"16,182",42,32,28,19,14,12,"37,895","33,407","10,290","41,612", M , FTT , FTT  CHENESO du 17 Janvier 2023 , 2022-2023 , 89 à 117 km/h ,,"28,080","12,418","12,618","3,530","1,502","1,883",876,"2,865","1,496","1,539","28,080",50,39,40,22,17,18, -   , -   , -   , -   , F , ZCIT , Forte pluie du 23 Février 2020 , 2019-2020 ,,,"50,898","21,215","21,557","6,031","2,566","3,217","1,497","4,893","2,556","2,628","50,898",60,56,58,26,25,26,"119,189","105,075","32,364","130,880"
 SAVA , ANDAPA ,"244,750",14,67,"124,200","23,214","7,389","3,465",693,19,91,"147,486","52,264","16,636","7,801","1,560",19,135,"219,118","139,370","41,811","19,607","3,921", F , FTT , FTT  CHENESO du 17 Janvier 2023 , 2022-2023 , 89 à 117 km/h ,,"7,614","3,650","3,739",924,665,718,362,809,769,419,"7,614",14,12,3,3,3,1, -   , -   , -   , -   , M , ZCIT , ZCIT 2 (30 Décembre au 04 Janvier) , 2019-2020 ,,,"17,143","8,218","8,418","2,079","1,497","1,617",815,"1,822","1,731",943,"17,143",48,32,16,10,7,3,, -   , -   , -   , F , CT , ENAWO , 2016-2017 , 166 à 212 km/h ,,"45,713","20,655","21,156","5,226","3,763","4,063","2,049","4,578","4,352","2,370","45,713",79,66,22,17,14,5,,,,
, ANTALAHA ,"303,381",15,131,"256,037","63,150","20,101","9,042","1,808",16,145,"261,176","98,878","31,473","14,158","2,832",16,170,"284,915","183,682","55,105","24,788","4,958", F , FTT , FTT ELOISE (17 au 23 Janv 21) , 2020-2021 , 89 à 117 km/h ,,"20,713","9,930","10,171","2,513","1,809","1,953",985,"2,201","2,092","1,140","20,713",48,42,10,3,3,1, -   , -   , -   , -   , M , FTT , ELIAKIM , 2017-2018 , 89 à 117 km/h ,,"32,432","15,548","15,925","3,934","2,833","3,058","1,542","3,446","3,276","1,784","32,432",165,108,56,12,8,4,, -   , -   , -   , F , CT , ENAWO , 2016-2017 , 166 à 212 km/h ,,"60,248","27,222","27,883","6,888","4,959","5,355","2,700","6,034","5,735","3,124","60,248",269,226,74,19,16,5,,,,
, SAMBAVA ,"455,838",19,84,"180,682","36,224","11,530","5,073","1,015",27,188,"294,875","119,121","37,916","16,683","3,337",28,272,"391,173","249,619","74,886","32,950","6,590", F , FTT , FTT  CHENESO du 17 Janvier 2023 , 2022-2023 , 89 à 117 km/h ,,"11,881","5,696","5,834","1,441","1,038","1,120",565,"1,335","1,269",691,"11,881",34,30,7,4,4,1, -   , -   , -   , -   , M , FTT , ELIAKIM , 2017-2018 , 89 à 117 km/h ,,"39,072","18,731","19,186","4,740","3,412","3,684","1,858","4,389","4,172","2,272","39,072",115,76,39,15,10,5,, -   , -   , -   , F , CT , ENAWO , 2016-2017 , 166 à 212 km/h ,,"81,875","36,993","37,892","9,361","6,740","7,277","3,669","8,668","8,240","4,488","81,875",189,158,52,24,20,7,,,,
, VOHEMAR ,"283,500",7,22,"61,707","14,505","4,617","2,078",416,18,98,"181,183","63,455","20,198","9,089","1,818",18,142,"262,912","163,898","49,169","22,126","4,425", F , FTT , ELIAKIM , 2017-2018 , 89 à 117 km/h ,,"4,757","2,281","2,336",577,416,449,226,506,481,262,"4,757",24,22,5,4,3,1, -   , -   , -   , -   , M , FTT , FTT  CHENESO du 17 Janvier 2023 , 2022-2023 , 89 à 117 km/h ,,"20,813","9,978","10,220","2,525","1,818","1,963",990,"2,212","2,102","1,145","20,813",84,55,29,12,8,4,, -   , -   , -   , F , CT , ENAWO , 2016-2017 , 166 à 212 km/h ,,"53,758","24,290","24,880","6,146","4,425","4,778","2,409","5,384","5,118","2,788","53,758",137,115,38,20,17,6,,,,
 Total SAVA ,4,"1,287,469",55,304,"622,626","137,093","43,637","19,665","3,933",80,521,"884,720","333,719","106,223","47,869","9,574",81,718,"1,158,119","736,569","220,971","99,579","19,916", F , ZCIT , ZCIT 2 (30 Décembre au 04 Janvier) , 2019-2020 ,, -   ,"44,966","21,556","22,080","5,455","3,927","4,240","2,138","4,850","4,610","2,511","44,966",120,106,26,14,13,3,"115,569","96,239","25,636","119,271", M , FTT , ELIAKIM , 2017-2018 , 89 à 317 km/h ,,"109,460","52,474","53,749","13,278","9,560","10,322","5,205","11,868","11,281","6,145","109,460",412,271,140,49,32,17, -   , -   , -   , -   , F , CT , ENAWO , 2016-2017 , 166 à 212 km/h ,,"241,594","109,159","111,811","27,621","19,887","21,473","10,828","24,664","23,444","12,770","241,594",674,566,186,80,67,22,"620,927","517,071","137,738","640,815"
 SOFIA , ANALALAVA ,"157,966",1,1,"5,718",321,102,8,2,3,7,"11,252",751,239,20,4,5,21,"28,002","5,679","1,704",141,28, F , ZCIT , ZCIT/Forte pluie du 17 Janvier 2022/TTM ANA , 2021-2022 ,,,115,50,52,15,6,10,4,9,3,15,115,1,1,1,2,2,3, -   , -   , -   , -   , M , FTT , ELIAKIM , 2017-2018 , 89 à 117 km/h ,,268,118,121,34,14,23,10,20,8,35,268,1,1,2,3,4,5,, -   , -   , -   , F , CT , ENAWO , 2016-2017 , 116 à 212 km/h ,,"2,027",840,864,245,102,163,72,144,57,247,"2,027",2,2,3,7,7,10,,,,
, ANTSOHIHY ,"200,979",3,11,"57,182","7,983","2,541",633,127,7,26,"72,223","10,170","3,237",806,161,13,60,"113,796","29,128","8,738","2,177",435, F , CT , ENAWO , 2016-2017 , 63 à 88 km/h ,,"2,850","1,253","1,288",366,152,243,107,199,79,342,"2,850",2,2,3,2,2,3, -   , -   , -   , -   , M , ZCIT , ZCIT/Forte pluie du 17 Janvier 2022/TTM ANA , 2021-2022 ,,,"3,631","1,596","1,641",466,194,310,136,254,100,435,"3,631",3,4,5,3,4,4,, -   , -   , -   , F , FTT , CHEDZA , 2014-2015 , 89 à 117 km/h ,,"10,399","4,308","4,430","1,258",524,835,367,685,271,"1,175","10,399",8,7,11,7,6,9,,,,
, BEALANANA ,"215,216",2,2,"14,676","1,145",364,51,10,3,7,"23,412","3,949","1,257",177,35,8,26,"42,050","9,678","2,903",410,82, F , TTM , TTM GOMBE (07 au 09 Mars 2022) , 2021-2022 , 51 à 62 km/h ,,409,180,185,52,22,35,15,29,11,49,409,1,1,1,2,2,3, -   , -   , -   , -   , M , CT , ENAWO , 2016-2017 , 63 à 88 km/h ,,"1,410",620,637,181,75,120,53,99,39,169,"1,410",1,2,2,3,4,5,, -   , -   , -   , F , FTT , CHEDZA , 2014-2015 , 89 à 117 km/h ,,"3,455","1,431","1,472",418,174,278,122,228,90,390,"3,455",3,3,4,7,7,10,,,,
, BEFANDRIANA NORD ,"294,533",1,3,"9,862",553,176,15,3,2,4,"12,661","1,113",354,29,6,4,16,"38,389","8,681","2,604",216,43, F , FTT , FTT  CHENESO du 17 Janvier 2023 , 2022-2023 , 63 à 88 km/h ,,197,87,89,25,11,17,7,15,6,25,197,2,3,3,2,3,4, -   , -   , -   , -   , M , CT , AVA , 2017-2018 , 118 à 165 km/h ,,397,175,180,51,21,34,15,29,12,50,397,4,5,6,4,5,6,, -   , -   , -   , F , CT , ENAWO , 2016-2017 , 116 à 212 km/h ,,"3,099","1,284","1,320",375,156,249,109,215,85,368,"3,099",9,8,12,10,9,13,,,,
, MAMPIKONY ,"215,181",2,11,"19,518","3,131",997,151,30,3,13,"24,856","3,667","1,167",176,35,7,55,"79,457","24,928","7,478","1,130",226, F , FTT , FTT  CHENESO du 17 Janvier 2023 , 2022-2023 , 63 à 88 km/h ,,"1,118",491,505,144,60,95,42,76,30,131,"1,118",3,4,5,1,2,2, -   , -   , -   , -   , M , TTM , TTM DUMAKO (14 AU 16 F2vrier 2022) , 2021-2022 , 63 à 88 km/h ,,"1,309",575,592,168,70,112,49,89,35,153,"1,309",6,7,8,2,3,3,, -   , -   , -   , F , ZCIT , Forte pluie de 19 au 24 Janvier 2020 , 2019-2020 ,,,"8,899","3,687","3,792","1,077",449,715,314,572,227,982,"8,899",13,12,18,5,5,7,,,,
, MANDRITSARA ,"348,718", -   , -   , -   , -   , -   , -   , -   ,1,1,"2,453",245,78,19,4,5,16,"35,950","9,647","2,894",721,144, F , CTI , CTI BATSIRAI (27 Janvier - 08 Février 2022) , 2021-2022 , 63 à 88 km/h ,, -   , -   , -   , -   , -   , -   , -   , -   , -   , -   , -   ,3,3,4,1,1,1, -   , -   , -   , -   , M , FTT , ELIAKIM , 2017-2018 , 89 à 117 km/h ,,88,38,40,11,5,7,3,6,2,11,88,5,6,7,2,2,2,, -   , -   , -   , F , CT , AVA , 2017-2018 , 118 à 165 km/h ,,"3,444","1,427","1,467",417,174,277,122,233,92,399,"3,444",12,11,16,4,4,5,,,,
, PORT-BERGE(BORIZINY-VAOVAO) ,"261,745",4,4,"12,173","3,462","1,102",119,24,4,11,"17,731","3,882","1,236",134,27,9,65,"67,823","21,145","6,344",686,137, F , FTT , CHEDZA , 2014-2015 , 89 à 117 km/h ,,"1,236",543,559,159,66,105,46,86,34,148,"1,236",4,5,6,2,3,3, -   , -   , -   , -   , M , CT , ENAWO , 2016-2017 , 118 à 165 km/h ,,"1,386",609,626,178,74,118,52,97,38,166,"1,386",7,9,10,4,5,6,, -   , -   , -   , F , ZCIT , Inondation (due aux fortes pluies) , 2018-2019 ,,,"7,549","3,127","3,216",913,381,606,266,497,197,853,"7,549",16,15,22,9,8,12,,,,
 Total SOFIA ,7,"1,694,339",11,31,"119,128","16,595","5,282",877,175,22,68,"164,588","23,778","7,568","1,257",251,49,258,"405,466","108,886","32,666","5,425","1,085", F , FTT , FTT  CHENESO du 17 Janvier 2023 , 2022-2023 , 89 à 117 km/h , -   ,"5,924","2,604","2,678",761,317,505,222,414,164,709,"5,924",15,18,24,12,14,19,"14,786","13,193","4,763","15,234", M , CT , ENAWO , 2016-2017 , 118 à 165 km/h ,,"8,489","3,731","3,837","1,090",454,724,318,594,235,"1,019","8,489",27,34,40,22,27,31,"21,186","18,903","6,824","21,828", F , ZCIT , Forte pluie de 19 au 24 Janvier 2020 , 2019-2020 ,,,"38,872","16,104","16,561","4,704","1,960","3,123","1,372","2,574","1,019","4,414","38,872",63,58,85,50,46,67,"97,017","86,564","31,250","99,957"
 VATOVAVY , IFANADIANA ,"197,122",6,30,"42,291","8,415","2,679",540,108,8,41,"57,180","20,391","6,491","1,309",262,10,75,"95,932","47,958","14,387","2,901",580, F , CT , CT EMNATI (16 au 26 Février 2022) , 2021-2022 , 118 à 165 km/h ,,"3,029","1,310","1,369",421,214,257,94,229,142,211,"3,029",4,10,21,0,1,2, -   , -   , -   , -   , M , CT , AVA , 2017-2018 , 118 à 165 km/h ,,"7,341","3,174","3,317","1,019",519,622,227,555,344,512,"7,341",31,23,43,3,2,4,, -   , -   , -   , F , CTI , CTI BATSIRAI (27 Janvier - 08 Février 2022) , 2021-2022 , 166 à 212 km/h ,,"17,265","7,035","7,352","2,259","1,151","1,378",504,"1,230",762,"1,136","17,265",86,42,85,7,4,7,,,,
, MANANJARY ,"301,530",22,87,"141,457","42,192","13,469","3,608",722,25,112,"160,962","82,768","26,345","7,058","1,412",25,177,"230,004","160,707","48,212","12,916","2,583", F , CT , AVA , 2017-2018 , 89 à 117 km/h ,,"15,189","6,586","6,883","2,115","1,077","1,290",471,"1,261",782,"1,164","15,189",4,9,18,1,2,3, -   , -   , -   , -   , M , CT , CT EMNATI (16 au 26 Février 2022) , 2021-2022 , 118 à 165 km/h ,,"29,796","12,883","13,462","4,136","2,108","2,524",922,"2,466","1,529","2,278","29,796",27,20,37,5,4,7,, -   , -   , -   , F , CTI , CTI BATSIRAI (27 Janvier - 08 Février 2022) , 2021-2022 , 166 à 212 km/h ,,"57,855","23,576","24,636","7,569","3,857","4,619","1,687","4,513","2,798","4,168","57,855",74,36,73,14,7,14,,,,
, NOSY-VARIKA ,"287,409",11,74,"89,610","35,156","12,656","1,389",278,13,158,"181,148","98,698","31,416","3,448",690,13,198,"218,279","166,135","49,841","5,471","1,094", F , ZCIT , ZCIT 1  , 2014-2015 ,,,"12,656","6,189","6,467","1,987","1,012","1,213",443,"1,059",656,978,"12,656",6,13,26,0,1,2, -   , -   , -   , -   , M , CT , CT EMNATI (16 au 26 Février 2022) , 2021-2022 , 118 à 165 km/h ,,"35,531","15,362","16,053","4,932","2,513","3,010","1,100","2,628","1,629","2,427","35,531",39,29,54,3,2,5,, -   , -   , -   , F , CTI , CTI BATSIRAI (27 Janvier - 08 Février 2022) , 2021-2022 , 166 à 212 km/h ,,"59,809","24,372","25,469","7,825","3,987","4,775","1,744","4,169","2,585","3,851","59,809",109,53,107,9,4,9,,,,
 Total VATOVAVY ,3,"786,061",39,190,"273,358","85,763","28,803","6,323","1,265",46,310,"399,290","201,857","64,251","14,105","2,821",48,450,"544,215","374,801","112,440","24,684","4,937", F , CT , AVA , 2017-2018 , 89 à 117 km/h , -   ,"30,875","14,085","14,719","4,522","2,304","2,759","1,008","2,548","1,580","2,354","30,875",14,32,65,2,4,7,"78,730","71,440","17,496","80,617", M , CT , CT EMNATI (16 au 26 Février 2022) , 2021-2022 , 118 à 165 km/h ,,"72,669","31,419","32,832","10,087","5,140","6,156","2,249","5,649","3,502","5,217","72,669",96,71,134,11,8,15,"185,305","168,147","41,179","189,746", F , CTI , CTI BATSIRAI (27 Janvier - 08 Février 2022) , 2021-2022 , 166 à 212 km/h ,,"134,928","54,983","57,457","17,653","8,995","10,772","3,935","9,912","6,144","9,155","134,928",269,131,265,31,15,30, -   , -   , -   , -   
 Total général ,,"22,073,605",552,"2,646","6,597,700","1,156,842","361,501","143,074","28,615",667,"3,698","8,245,161","2,277,941","725,069","286,966","57,393",774,"5,216","9,391,254","4,145,778","1,243,733","492,242","98,448", F ,, TTM CHALANE (24 au 30 Déc 20) , 2020-2021 ,, -   ,"397,137","178,114","183,387","52,758","21,690","33,359","14,864","27,568","21,863","35,727","397,137", -   , -   , -   , -   , -   , -   ,,,,, M ,, FTT  CHENESO du 17 Janvier 2023 , 2022-2023 ,,,"782,004","357,246","367,823","105,817","43,504","66,909","29,813","55,294","214,609","48,870","782,004", -   , -   , -   ,347,255,483,, -   , -   , -   , F ,, ENAWO , 2016-2017 ,,,"1,423,221","612,795","630,939","181,512","74,624","114,771","51,139","94,847","75,218","122,916","1,423,221", -   , -   , -   , -   , -   , -   ,"2,926,555","2,619,312","680,000","3,132,534"
,,"22,073,605",552,"2,646","6,597,700","1,156,842","361,501","132,990","26,598",667,"3,698","8,245,161","2,277,941","725,069","270,387","54,077",774,"5,216","9,391,254","4,145,778","1,243,733","442,754","88,551",#VALUE!,#VALUE!,#VALUE!,#VALUE!,#VALUE!, -   ,"384,644","177,429","184,072","51,667","24,721","33,439","15,348","27,262","20,382","40,625","384,644",511,637,898,159,201,240,"827,082","749,287","188,180","885,282",#VALUE!,#VALUE!,#VALUE!,#VALUE!,#VALUE!, -   ,"753,410","355,939","369,130","101,854","50,038","66,763","31,530","55,909","41,509","82,987","753,410","1,281","1,159","1,551",299,329,410,"970,754","882,616","212,400","1,045,026",#VALUE!,#VALUE!,#VALUE!,#VALUE!,#VALUE!, -   ,"1,380,683","610,705","633,028","175,471","87,269","115,120","53,580","99,011","74,075","138,204","1,380,683","2,591","2,088","2,572",572,570,665,"2,926,555","2,619,312","680,000","3,132,534"
,,,,,,,,,,,,,,,,,,,,,,,,, FTT , CHEDZA , 2014-2015 ,,,,,,,,,,,,,,,,,,,,,,,,, CTI , CTI BATSIRAI (27 Janvier - 08 Février 2022) , 2021-2022 ,,,,,,,,,,,,,,,,,,,,,,,,, CT , ENAWO , 2016-2017 ,,,,,,,,,,,,,,,,,,,,,,,
